2026-04-27_00-48-09,0,main.go:2026-04-27_00-48-09
2026-04-27_01-47-29,0,main.go:2026-04-27_01-47-29
2026-04-27_01-48-03,0,main.go:2026-04-27_01-48-03
2026-04-27_01-48-23,0,main.go:2026-04-27_01-48-23
2026-04-27_01-49-01,0,main.go:2026-04-27_01-49-01
2026-04-27_01-49-44,0,main.go:2026-04-27_01-49-44
2026-04-27_01-49-45,0,main.go:2026-04-27_01-49-44
2026-04-27_01-53-30,0,main.go:2026-04-27_01-53-30
2026-04-27_01-53-32,0,main.go:2026-04-27_01-53-30
2026-04-27_01-56-03,0,main.go:2026-04-27_01-53-30
2026-04-27_01-59-31,0,main.go:2026-04-27_01-59-31
2026-04-27_02-01-33,0,main.go:2026-04-27_02-01-33
2026-04-27_02-04-00,16,main.go:2026-04-27_02-04-00
2026-04-27_02-04-34,33,main.go:2026-04-27_02-04-34
2026-04-27_02-05-23,33,main.go:2026-04-27_02-05-23
2026-04-27_02-06-30,33,main.go:2026-04-27_02-06-30
2026-04-27_02-07-36,33,main.go:2026-04-27_02-06-30
2026-04-27_02-08-37,33,main.go:2026-04-27_02-08-37
2026-04-27_02-09-14,33,main.go:2026-04-27_02-09-14
2026-04-27_02-09-58,33,main.go:2026-04-27_02-09-58
2026-04-27_02-11-31,50,main.go:2026-04-27_02-11-31
2026-04-27_02-11-58,66,main.go:2026-04-27_02-11-58
2026-04-27_02-12-35,83,main.go:2026-04-27_02-12-35
2026-04-27_02-14-05,83,main.go:2026-04-27_02-14-05
2026-04-27_02-18-33,83,main.go:2026-04-27_02-14-05
2026-04-27_02-19-00,100,main.go:2026-04-27_02-19-00
2026-04-27_02-19-20,100,main.go:2026-04-27_02-19-20
