2026-03-17_18-57-03,0,main.go:2026-03-17_18-57-03
2026-03-17_19-09-53,0,main.go:2026-03-17_19-09-53
2026-03-17_19-23-43,0,main.go:2026-03-17_19-23-43
2026-03-17_19-24-41,0,main.go:2026-03-17_19-24-41
2026-03-17_19-27-12,0,main.go:2026-03-17_19-27-12
2026-03-17_19-27-17,0,main.go:2026-03-17_19-27-12
2026-03-17_19-29-39,0,main.go:2026-03-17_19-29-39
2026-03-17_19-33-57,0,main.go:2026-03-17_19-33-57
2026-03-23_19-02-12,0,main.go:2026-03-17_19-33-57
2026-03-23_19-03-41,0,main.go:2026-03-17_19-33-57
2026-03-23_19-06-11,0,main.go:2026-03-23_19-06-11
2026-03-30_15-31-16,---,main.go:2026-03-23_19-06-11
2026-03-30_15-32-17,0,main.go:2026-03-30_15-32-17
2026-03-30_15-34-04,0,main.go:2026-03-30_15-34-04
2026-03-30_15-34-39,0,main.go:2026-03-30_15-34-39
2026-03-30_15-35-18,33,main.go:2026-03-30_15-35-18
2026-03-30_15-35-25,33,main.go:2026-03-30_15-35-18
2026-03-30_15-35-28,66,main.go:2026-03-30_15-35-28
2026-03-30_15-50-13,66,main.go:2026-03-30_15-35-28
2026-03-30_18-48-27,---,main.go:2026-03-30_15-35-28
2026-03-30_18-53-03,0,main.go:2026-03-30_18-53-03
2026-03-30_19-03-32,---,main.go:2026-03-30_18-53-03
2026-03-30_19-04-02,0,main.go:2026-03-30_18-53-03
2026-03-30_19-07-44,0,main.go:2026-03-30_19-07-44
2026-03-30_19-07-46,33,main.go:2026-03-30_19-07-44
2026-03-30_19-10-44,0,main.go:2026-03-30_19-10-44
2026-03-30_19-21-33,0,main.go:2026-03-30_19-21-33
2026-03-30_19-27-05,0,main.go:2026-03-30_19-27-05
2026-03-30_19-27-11,0,main.go:2026-03-30_19-27-05
2026-03-30_19-28-12,0,main.go:2026-03-30_19-28-12
2026-03-30_19-28-13,66,main.go:2026-03-30_19-28-13
2026-03-30_19-34-47,0,main.go:2026-03-30_19-34-47
2026-03-30_19-34-59,33,main.go:2026-03-30_19-34-59
2026-03-30_19-40-57,0,main.go:2026-03-30_19-40-57
2026-03-30_19-42-41,0,main.go:2026-03-30_19-42-41
2026-03-30_19-45-43,0,main.go:2026-03-30_19-45-43
2026-03-30_19-52-21,0,main.go:2026-03-30_19-52-21
2026-03-31_14-15-17,0,main.go:2026-03-31_14-15-17
2026-03-31_14-15-44,33,main.go:2026-03-31_14-15-44
2026-03-31_14-22-56,0,main.go:2026-03-31_14-22-56
2026-03-31_14-23-11,0,main.go:2026-03-31_14-22-56
2026-03-31_14-23-12,100,main.go:2026-03-31_14-23-12
2026-03-31_18-36-13,100,main.go:2026-03-31_18-36-13
