2026-04-06_19-10-37,---,main.go:2026-04-06_19-10-37;pen.go:2026-04-06_19-10-37
2026-04-06_19-14-18,---,main.go:2026-04-06_19-10-37;pen.go:2026-04-06_19-10-37
2026-04-06_19-35-40,---,main.go:2026-04-06_19-35-40;pen.go:2026-04-06_19-10-37
2026-04-06_19-38-24,---,main.go:2026-04-06_19-38-24;pen.go:2026-04-06_19-10-37
2026-04-06_19-38-42,---,main.go:2026-04-06_19-38-42;pen.go:2026-04-06_19-10-37
2026-04-06_19-39-16,---,main.go:2026-04-06_19-39-16;pen.go:2026-04-06_19-10-37
2026-04-06_19-39-29,---,main.go:2026-04-06_19-39-29;pen.go:2026-04-06_19-10-37
2026-04-06_19-39-59,---,main.go:2026-04-06_19-39-59;pen.go:2026-04-06_19-10-37
2026-04-06_19-40-18,---,main.go:2026-04-06_19-40-18;pen.go:2026-04-06_19-10-37
2026-04-06_19-40-50,---,main.go:2026-04-06_19-40-50;pen.go:2026-04-06_19-10-37
2026-04-06_19-41-07,---,main.go:2026-04-06_19-41-07;pen.go:2026-04-06_19-10-37
2026-04-06_19-43-05,---,main.go:2026-04-06_19-43-05;pen.go:2026-04-06_19-10-37
2026-04-06_19-43-16,---,main.go:2026-04-06_19-43-16;pen.go:2026-04-06_19-10-37
2026-04-06_19-43-46,---,main.go:2026-04-06_19-43-46;pen.go:2026-04-06_19-10-37
2026-04-06_19-44-05,---,main.go:2026-04-06_19-44-05;pen.go:2026-04-06_19-10-37
2026-04-06_19-44-45,---,main.go:2026-04-06_19-44-45;pen.go:2026-04-06_19-10-37
2026-04-06_19-45-20,---,main.go:2026-04-06_19-45-20;pen.go:2026-04-06_19-10-37
2026-04-06_19-45-49,---,main.go:2026-04-06_19-45-49;pen.go:2026-04-06_19-10-37
2026-04-06_19-46-59,---,main.go:2026-04-06_19-46-59;pen.go:2026-04-06_19-10-37
2026-04-06_19-47-46,---,main.go:2026-04-06_19-47-46;pen.go:2026-04-06_19-10-37
2026-04-06_19-48-07,---,main.go:2026-04-06_19-48-07;pen.go:2026-04-06_19-10-37
2026-04-06_19-48-25,---,main.go:2026-04-06_19-48-25;pen.go:2026-04-06_19-10-37
2026-04-06_19-48-41,---,main.go:2026-04-06_19-48-41;pen.go:2026-04-06_19-10-37
2026-04-06_19-49-01,---,main.go:2026-04-06_19-49-01;pen.go:2026-04-06_19-10-37
2026-04-06_19-49-12,---,main.go:2026-04-06_19-49-12;pen.go:2026-04-06_19-10-37
2026-04-06_19-50-09,---,main.go:2026-04-06_19-50-09;pen.go:2026-04-06_19-10-37
2026-04-06_19-50-24,---,main.go:2026-04-06_19-50-24;pen.go:2026-04-06_19-10-37
2026-04-06_19-50-35,---,main.go:2026-04-06_19-50-35;pen.go:2026-04-06_19-10-37
2026-04-06_19-50-43,---,main.go:2026-04-06_19-50-43;pen.go:2026-04-06_19-10-37
2026-04-06_19-50-56,---,main.go:2026-04-06_19-50-56;pen.go:2026-04-06_19-10-37
2026-04-06_19-51-16,---,main.go:2026-04-06_19-51-16;pen.go:2026-04-06_19-10-37
2026-04-06_19-51-40,---,main.go:2026-04-06_19-51-40;pen.go:2026-04-06_19-10-37
2026-04-06_19-51-49,---,main.go:2026-04-06_19-51-49;pen.go:2026-04-06_19-10-37
2026-04-06_19-52-03,---,main.go:2026-04-06_19-52-03;pen.go:2026-04-06_19-10-37
2026-04-06_19-52-13,---,main.go:2026-04-06_19-52-13;pen.go:2026-04-06_19-10-37
2026-04-06_19-52-26,---,main.go:2026-04-06_19-52-26;pen.go:2026-04-06_19-10-37
2026-04-06_19-53-47,---,main.go:2026-04-06_19-53-47;pen.go:2026-04-06_19-10-37
2026-04-06_19-54-01,---,main.go:2026-04-06_19-54-01;pen.go:2026-04-06_19-10-37
2026-04-06_19-54-16,---,main.go:2026-04-06_19-54-16;pen.go:2026-04-06_19-10-37
2026-04-06_19-55-07,---,main.go:2026-04-06_19-55-07;pen.go:2026-04-06_19-10-37
2026-04-06_19-56-38,---,main.go:2026-04-06_19-56-38;pen.go:2026-04-06_19-10-37
2026-04-06_19-57-32,---,main.go:2026-04-06_19-57-32;pen.go:2026-04-06_19-10-37
2026-04-06_19-58-32,---,main.go:2026-04-06_19-58-32;pen.go:2026-04-06_19-10-37
2026-04-06_19-58-41,---,main.go:2026-04-06_19-58-41;pen.go:2026-04-06_19-10-37
2026-04-06_19-59-04,---,main.go:2026-04-06_19-59-04;pen.go:2026-04-06_19-10-37
2026-04-06_19-59-51,---,main.go:2026-04-06_19-59-51;pen.go:2026-04-06_19-10-37
2026-04-06_20-00-33,---,main.go:2026-04-06_20-00-33;pen.go:2026-04-06_19-10-37
2026-04-06_20-01-23,---,main.go:2026-04-06_20-01-23;pen.go:2026-04-06_19-10-37
2026-04-06_20-01-40,---,main.go:2026-04-06_20-01-40;pen.go:2026-04-06_19-10-37
2026-04-07_19-54-38,---,main.go:2026-04-06_20-01-40;pen.go:2026-04-06_19-10-37
2026-04-07_19-55-01,---,main.go:2026-04-07_19-55-01;pen.go:2026-04-06_19-10-37
2026-04-07_19-55-19,---,main.go:2026-04-07_19-55-19;pen.go:2026-04-06_19-10-37
2026-04-07_19-55-35,---,main.go:2026-04-07_19-55-35;pen.go:2026-04-06_19-10-37
2026-04-07_19-55-50,---,main.go:2026-04-07_19-55-50;pen.go:2026-04-06_19-10-37
2026-04-07_19-56-06,---,main.go:2026-04-07_19-56-06;pen.go:2026-04-06_19-10-37
2026-04-07_19-56-30,---,main.go:2026-04-07_19-56-30;pen.go:2026-04-06_19-10-37
2026-04-07_19-56-38,---,main.go:2026-04-07_19-56-38;pen.go:2026-04-06_19-10-37
2026-04-07_19-56-54,---,main.go:2026-04-07_19-56-54;pen.go:2026-04-06_19-10-37
2026-04-07_19-57-06,---,main.go:2026-04-07_19-57-06;pen.go:2026-04-06_19-10-37
2026-04-07_19-57-17,---,main.go:2026-04-07_19-57-17;pen.go:2026-04-06_19-10-37
