2026-03-31_19-34-16,---,draft.go:2026-03-31_19-34-16
2026-03-31_19-42-15,0,draft.go:2026-03-31_19-42-15
2026-03-31_19-45-53,0,draft.go:2026-03-31_19-45-53
2026-03-31_19-46-08,0,draft.go:2026-03-31_19-46-08
2026-03-31_19-47-44,0,draft.go:2026-03-31_19-47-44
2026-03-31_19-47-55,0,draft.go:2026-03-31_19-47-55
2026-03-31_19-47-57,0,draft.go:2026-03-31_19-47-55
2026-03-31_19-48-22,0,draft.go:2026-03-31_19-48-22
2026-03-31_19-50-01,0,draft.go:2026-03-31_19-50-01
2026-03-31_19-50-20,0,draft.go:2026-03-31_19-50-20
2026-03-31_19-50-30,0,draft.go:2026-03-31_19-50-30
2026-03-31_19-50-54,0,draft.go:2026-03-31_19-50-54
2026-03-31_19-51-00,100,draft.go:2026-03-31_19-51-00
