2026-03-11_21-40-05,0,shell.go:2026-03-11_21-40-05
2026-03-11_21-44-53,0,shell.go:2026-03-11_21-44-53
2026-03-11_21-46-17,0,shell.go:2026-03-11_21-46-17
2026-03-11_21-47-11,0,shell.go:2026-03-11_21-47-11
2026-03-11_21-47-27,0,shell.go:2026-03-11_21-47-11
2026-03-11_21-50-17,0,shell.go:2026-03-11_21-50-17
2026-03-11_21-50-23,0,shell.go:2026-03-11_21-50-17
2026-03-11_21-50-46,0,shell.go:2026-03-11_21-50-46
2026-03-11_21-52-06,0,shell.go:2026-03-11_21-52-06
2026-03-11_21-54-04,0,shell.go:2026-03-11_21-54-04
2026-03-11_21-54-26,12,shell.go:2026-03-11_21-54-26
2026-03-11_21-59-26,12,shell.go:2026-03-11_21-59-26
2026-03-11_22-00-29,12,shell.go:2026-03-11_22-00-29
2026-03-11_22-00-33,12,shell.go:2026-03-11_22-00-29
2026-03-11_22-06-20,12,shell.go:2026-03-11_22-06-20
2026-03-11_22-07-22,12,shell.go:2026-03-11_22-07-22
2026-03-11_22-08-13,12,shell.go:2026-03-11_22-08-13
2026-03-11_22-10-18,12,shell.go:2026-03-11_22-10-18
2026-03-11_22-10-39,25,shell.go:2026-03-11_22-10-39
2026-03-11_22-20-05,25,shell.go:2026-03-11_22-20-05
2026-03-11_22-21-07,25,shell.go:2026-03-11_22-21-07
2026-03-11_22-22-32,37,shell.go:2026-03-11_22-22-32
2026-03-11_22-24-50,50,shell.go:2026-03-11_22-24-50
2026-03-11_22-33-41,62,shell.go:2026-03-11_22-33-41
2026-03-11_22-42-07,87,shell.go:2026-03-11_22-42-07
2026-03-11_22-54-34,62,shell.go:2026-03-11_22-54-34
2026-03-11_22-55-57,62,shell.go:2026-03-11_22-55-57
2026-03-11_22-56-07,100,shell.go:2026-03-11_22-56-07
