2026-03-11_20-41-34,0,shell.go:2026-03-11_20-41-34
2026-03-11_20-45-58,28,shell.go:2026-03-11_20-45-58
2026-03-11_20-52-11,42,shell.go:2026-03-11_20-52-11
2026-03-11_20-53-53,42,shell.go:2026-03-11_20-53-53
2026-03-11_20-56-57,57,shell.go:2026-03-11_20-56-57
2026-03-11_21-07-56,57,shell.go:2026-03-11_21-07-56
2026-03-11_21-10-08,57,shell.go:2026-03-11_21-10-08
2026-03-11_21-11-18,71,shell.go:2026-03-11_21-11-18
2026-03-11_21-11-35,85,shell.go:2026-03-11_21-11-35
2026-03-11_21-23-54,42,shell.go:2026-03-11_21-23-54
2026-03-11_21-24-28,85,shell.go:2026-03-11_21-24-28
2026-03-11_21-29-51,42,shell.go:2026-03-11_21-29-51
2026-03-11_21-29-58,85,shell.go:2026-03-11_21-29-58
2026-03-11_21-31-57,100,shell.go:2026-03-11_21-31-57
