2026-06-13_21-37-05,0,dlist.go:2026-06-13_21-37-05;main.go:2026-06-13_21-37-05
2026-06-13_21-47-52,0,dlist.go:2026-06-13_21-37-05;main.go:2026-06-13_21-47-52
2026-06-13_21-48-02,0,dlist.go:2026-06-13_21-37-05;main.go:2026-06-13_21-48-02
2026-06-13_21-51-40,0,dlist.go:2026-06-13_21-37-05;main.go:2026-06-13_21-51-40
2026-06-13_22-00-18,0,dlist.go:2026-06-13_21-37-05;main.go:2026-06-13_22-00-18
2026-06-13_22-01-19,0,dlist.go:2026-06-13_21-37-05;main.go:2026-06-13_22-01-19
2026-06-13_22-01-30,0,dlist.go:2026-06-13_21-37-05;main.go:2026-06-13_22-01-19
2026-06-13_22-02-07,0,dlist.go:2026-06-13_21-37-05;main.go:2026-06-13_22-02-07
2026-06-13_22-04-10,0,dlist.go:2026-06-13_21-37-05;main.go:2026-06-13_22-04-10
2026-06-13_22-04-59,0,dlist.go:2026-06-13_21-37-05;main.go:2026-06-13_22-04-59
2026-06-13_22-07-06,100,dlist.go:2026-06-13_21-37-05;main.go:2026-06-13_22-07-06
