2026-03-24_19-10-53,10,draft.go:2026-03-24_19-10-53
2026-03-24_19-16-40,20,draft.go:2026-03-24_19-16-40
2026-03-24_19-17-18,20,draft.go:2026-03-24_19-17-18
2026-03-24_19-23-26,10,draft.go:2026-03-24_19-23-26
2026-03-24_19-26-03,10,draft.go:2026-03-24_19-26-03
2026-03-24_19-26-36,20,draft.go:2026-03-24_19-26-36
2026-03-24_19-26-46,10,draft.go:2026-03-24_19-26-46
2026-03-24_19-27-45,0,draft.go:2026-03-24_19-27-45
2026-03-24_19-27-48,20,draft.go:2026-03-24_19-27-48
2026-03-24_19-29-54,20,draft.go:2026-03-24_19-29-54
2026-03-24_19-30-07,20,draft.go:2026-03-24_19-30-07
2026-03-24_19-33-59,20,draft.go:2026-03-24_19-33-59
2026-03-24_19-34-05,20,draft.go:2026-03-24_19-34-05
2026-03-24_19-39-06,10,draft.go:2026-03-24_19-39-06
2026-03-24_19-39-32,0,draft.go:2026-03-24_19-39-32
2026-03-24_19-39-35,10,draft.go:2026-03-24_19-39-35
2026-03-24_19-41-59,10,draft.go:2026-03-24_19-41-59
2026-03-24_19-42-17,10,draft.go:2026-03-24_19-42-17
2026-03-24_19-43-18,10,draft.go:2026-03-24_19-43-18
2026-03-24_19-44-54,10,draft.go:2026-03-24_19-44-54
2026-03-24_19-44-57,100,draft.go:2026-03-24_19-44-54
