2026-03-24_19-45-43,---,draft.go:2026-03-24_19-45-43
2026-03-24_19-51-21,5,draft.go:2026-03-24_19-51-21
2026-03-24_19-51-33,5,draft.go:2026-03-24_19-51-33
2026-03-24_19-51-43,5,draft.go:2026-03-24_19-51-43
2026-03-24_19-51-46,5,draft.go:2026-03-24_19-51-43
2026-03-24_19-52-25,5,draft.go:2026-03-24_19-52-25
2026-03-31_18-48-55,5,draft.go:2026-03-31_18-48-55
2026-03-31_18-50-24,100,draft.go:2026-03-31_18-50-24
2026-03-31_18-50-36,5,draft.go:2026-03-31_18-50-36
2026-03-31_18-50-55,100,draft.go:2026-03-31_18-50-55
