2026-04-14_19-05-38,0,main.go:2026-04-14_19-05-38;stack.go:2026-04-14_19-05-38
2026-04-14_19-05-46,0,main.go:2026-04-14_19-05-46;stack.go:2026-04-14_19-05-38
2026-04-14_19-08-28,75,main.go:2026-04-14_19-08-28;stack.go:2026-04-14_19-05-38
2026-04-14_19-08-32,75,main.go:2026-04-14_19-08-28;stack.go:2026-04-14_19-05-38
2026-04-14_19-09-12,75,main.go:2026-04-14_19-09-12;stack.go:2026-04-14_19-05-38
2026-04-14_19-09-13,75,main.go:2026-04-14_19-09-12;stack.go:2026-04-14_19-05-38
2026-04-14_19-11-56,25,main.go:2026-04-14_19-11-56;stack.go:2026-04-14_19-05-38
2026-04-14_19-14-43,0,main.go:2026-04-14_19-14-43;stack.go:2026-04-14_19-05-38
2026-04-14_19-15-10,0,main.go:2026-04-14_19-15-10;stack.go:2026-04-14_19-05-38
2026-04-14_19-16-58,0,main.go:2026-04-14_19-16-58;stack.go:2026-04-14_19-05-38
2026-04-14_19-17-22,0,main.go:2026-04-14_19-17-22;stack.go:2026-04-14_19-05-38
2026-04-14_19-27-30,25,main.go:2026-04-14_19-27-30;stack.go:2026-04-14_19-05-38
2026-04-14_19-27-47,75,main.go:2026-04-14_19-27-47;stack.go:2026-04-14_19-05-38
2026-04-14_19-30-20,100,main.go:2026-04-14_19-30-20;stack.go:2026-04-14_19-05-38
