2026-03-23_19-19-31,---,draft.go:2026-03-23_19-19-31
2026-07-04_05-26-47,0,draft.go:2026-07-04_05-26-47
2026-07-04_14-43-25,0,draft.go:2026-07-04_14-43-25
2026-07-04_14-43-51,0,draft.go:2026-07-04_14-43-51
2026-07-04_15-00-55,0,draft.go:2026-07-04_15-00-55
2026-07-04_15-00-57,0,draft.go:2026-07-04_15-00-57
2026-07-04_15-01-14,66,draft.go:2026-07-04_15-01-14
2026-07-04_15-01-32,0,draft.go:2026-07-04_15-01-32
2026-07-04_15-01-33,33,draft.go:2026-07-04_15-01-33
2026-07-04_15-01-35,33,draft.go:2026-07-04_15-01-33
2026-07-04_15-01-49,33,draft.go:2026-07-04_15-01-33
2026-07-04_15-01-50,66,draft.go:2026-07-04_15-01-50
2026-07-04_15-17-48,100,draft.go:2026-07-04_15-17-48
