2026-03-24_18-48-52,---,draft.go:2026-03-24_18-48-52
2026-03-24_18-53-26,0,draft.go:2026-03-24_18-53-26
2026-03-24_18-53-30,0,draft.go:2026-03-24_18-53-26
2026-03-24_18-53-36,0,draft.go:2026-03-24_18-53-36
2026-03-24_18-53-53,0,draft.go:2026-03-24_18-53-53
2026-03-24_18-53-54,0,draft.go:2026-03-24_18-53-53
2026-03-24_18-54-12,0,draft.go:2026-03-24_18-54-12
2026-03-24_18-54-36,0,draft.go:2026-03-24_18-54-36
2026-03-24_18-54-51,0,draft.go:2026-03-24_18-54-51
2026-03-24_18-55-02,0,draft.go:2026-03-24_18-55-02
2026-03-24_18-55-10,100,draft.go:2026-03-24_18-55-10
