2026-03-09_19-50-12,---,draw.go:2026-03-09_19-50-12;pen.go:2026-03-09_19-50-12
2026-03-10_18-25-40,---,draw.go:2026-03-10_18-25-40;pen.go:2026-03-09_19-50-12
2026-03-10_18-25-57,---,draw.go:2026-03-10_18-25-57;pen.go:2026-03-09_19-50-12
2026-03-10_18-26-23,---,draw.go:2026-03-10_18-26-23;pen.go:2026-03-09_19-50-12
2026-03-10_18-26-35,---,draw.go:2026-03-10_18-26-35;pen.go:2026-03-09_19-50-12
2026-03-10_18-26-47,---,draw.go:2026-03-10_18-26-47;pen.go:2026-03-09_19-50-12
2026-03-10_18-27-01,---,draw.go:2026-03-10_18-27-01;pen.go:2026-03-09_19-50-12
2026-03-10_18-27-28,---,draw.go:2026-03-10_18-27-28;pen.go:2026-03-09_19-50-12
2026-03-10_18-27-40,---,draw.go:2026-03-10_18-27-40;pen.go:2026-03-09_19-50-12
2026-03-10_18-28-29,---,draw.go:2026-03-10_18-28-29;pen.go:2026-03-09_19-50-12
2026-03-10_18-29-30,---,draw.go:2026-03-10_18-29-30;pen.go:2026-03-10_18-29-30
2026-03-10_18-29-43,---,draw.go:2026-03-10_18-29-43;pen.go:2026-03-10_18-29-30
2026-03-10_18-29-54,---,draw.go:2026-03-10_18-29-54;pen.go:2026-03-10_18-29-30
2026-03-10_18-30-04,---,draw.go:2026-03-10_18-30-04;pen.go:2026-03-10_18-29-30
2026-03-10_18-30-40,---,draw.go:2026-03-10_18-30-40;pen.go:2026-03-10_18-29-30
2026-03-10_18-31-01,---,draw.go:2026-03-10_18-31-01;pen.go:2026-03-10_18-29-30
2026-03-10_18-31-13,---,draw.go:2026-03-10_18-31-13;pen.go:2026-03-10_18-29-30
2026-03-10_18-31-21,---,draw.go:2026-03-10_18-31-21;pen.go:2026-03-10_18-29-30
2026-03-10_18-31-29,---,draw.go:2026-03-10_18-31-29;pen.go:2026-03-10_18-29-30
2026-03-10_18-31-46,---,draw.go:2026-03-10_18-31-46;pen.go:2026-03-10_18-29-30
2026-03-10_18-31-54,---,draw.go:2026-03-10_18-31-54;pen.go:2026-03-10_18-29-30
2026-03-10_18-32-03,---,draw.go:2026-03-10_18-32-03;pen.go:2026-03-10_18-29-30
2026-03-10_18-32-12,---,draw.go:2026-03-10_18-32-12;pen.go:2026-03-10_18-29-30
2026-03-10_18-32-19,---,draw.go:2026-03-10_18-32-19;pen.go:2026-03-10_18-29-30
2026-03-10_18-32-27,---,draw.go:2026-03-10_18-32-27;pen.go:2026-03-10_18-29-30
2026-03-10_18-32-33,---,draw.go:2026-03-10_18-32-33;pen.go:2026-03-10_18-29-30
2026-03-10_18-32-41,---,draw.go:2026-03-10_18-32-41;pen.go:2026-03-10_18-29-30
2026-03-10_18-33-29,---,draw.go:2026-03-10_18-33-29;pen.go:2026-03-10_18-29-30
2026-03-10_18-33-38,---,draw.go:2026-03-10_18-33-38;pen.go:2026-03-10_18-29-30
2026-03-10_18-34-07,---,draw.go:2026-03-10_18-34-07;pen.go:2026-03-10_18-29-30
2026-03-10_18-34-13,---,draw.go:2026-03-10_18-34-13;pen.go:2026-03-10_18-29-30
2026-03-10_18-34-23,---,draw.go:2026-03-10_18-34-23;pen.go:2026-03-10_18-29-30
2026-03-10_18-34-33,---,draw.go:2026-03-10_18-34-33;pen.go:2026-03-10_18-29-30
2026-03-10_18-34-50,---,draw.go:2026-03-10_18-34-50;pen.go:2026-03-10_18-29-30
2026-03-10_18-35-30,---,draw.go:2026-03-10_18-35-30;pen.go:2026-03-10_18-29-30
2026-03-10_18-35-53,---,draw.go:2026-03-10_18-35-53;pen.go:2026-03-10_18-29-30
2026-03-10_18-36-03,---,draw.go:2026-03-10_18-36-03;pen.go:2026-03-10_18-29-30
2026-03-10_18-36-49,---,draw.go:2026-03-10_18-36-49;pen.go:2026-03-10_18-29-30
2026-03-10_18-37-19,---,draw.go:2026-03-10_18-37-19;pen.go:2026-03-10_18-29-30
2026-03-10_18-37-28,---,draw.go:2026-03-10_18-37-28;pen.go:2026-03-10_18-29-30
2026-03-10_18-37-34,---,draw.go:2026-03-10_18-37-34;pen.go:2026-03-10_18-29-30
2026-03-10_18-37-56,---,draw.go:2026-03-10_18-37-56;pen.go:2026-03-10_18-29-30
2026-03-10_18-38-07,---,draw.go:2026-03-10_18-38-07;pen.go:2026-03-10_18-29-30
2026-03-10_18-38-14,---,draw.go:2026-03-10_18-38-14;pen.go:2026-03-10_18-29-30
2026-03-10_18-38-20,---,draw.go:2026-03-10_18-38-20;pen.go:2026-03-10_18-29-30
2026-03-10_18-38-29,---,draw.go:2026-03-10_18-38-29;pen.go:2026-03-10_18-29-30
2026-03-10_18-38-37,---,draw.go:2026-03-10_18-38-37;pen.go:2026-03-10_18-29-30
2026-03-10_18-38-59,---,draw.go:2026-03-10_18-38-59;pen.go:2026-03-10_18-29-30
2026-03-10_18-39-31,---,draw.go:2026-03-10_18-39-31;pen.go:2026-03-10_18-29-30
2026-03-10_18-39-57,---,draw.go:2026-03-10_18-39-57;pen.go:2026-03-10_18-29-30
2026-03-10_18-41-56,---,draw.go:2026-03-10_18-41-56;pen.go:2026-03-10_18-29-30
2026-03-10_18-42-18,---,draw.go:2026-03-10_18-42-18;pen.go:2026-03-10_18-29-30
2026-03-10_18-42-28,---,draw.go:2026-03-10_18-42-28;pen.go:2026-03-10_18-29-30
2026-03-10_18-42-42,---,draw.go:2026-03-10_18-42-42;pen.go:2026-03-10_18-29-30
2026-03-10_18-42-52,---,draw.go:2026-03-10_18-42-52;pen.go:2026-03-10_18-29-30
2026-03-10_18-42-59,---,draw.go:2026-03-10_18-42-59;pen.go:2026-03-10_18-29-30
2026-03-10_18-43-32,---,draw.go:2026-03-10_18-43-32;pen.go:2026-03-10_18-29-30
2026-03-10_18-43-55,---,draw.go:2026-03-10_18-43-55;pen.go:2026-03-10_18-29-30
2026-03-10_18-44-29,---,draw.go:2026-03-10_18-44-29;pen.go:2026-03-10_18-29-30
2026-03-10_18-44-41,---,draw.go:2026-03-10_18-44-41;pen.go:2026-03-10_18-29-30
2026-03-10_18-44-51,---,draw.go:2026-03-10_18-44-51;pen.go:2026-03-10_18-29-30
2026-03-10_18-45-00,---,draw.go:2026-03-10_18-45-00;pen.go:2026-03-10_18-29-30
2026-03-10_18-45-12,---,draw.go:2026-03-10_18-45-12;pen.go:2026-03-10_18-29-30
2026-03-10_18-45-27,---,draw.go:2026-03-10_18-45-27;pen.go:2026-03-10_18-29-30
2026-03-10_18-45-38,---,draw.go:2026-03-10_18-45-38;pen.go:2026-03-10_18-29-30
2026-03-10_18-45-48,---,draw.go:2026-03-10_18-45-48;pen.go:2026-03-10_18-29-30
2026-03-10_18-45-57,---,draw.go:2026-03-10_18-45-57;pen.go:2026-03-10_18-29-30
2026-03-10_18-46-05,---,draw.go:2026-03-10_18-46-05;pen.go:2026-03-10_18-29-30
2026-03-10_18-46-15,---,draw.go:2026-03-10_18-46-15;pen.go:2026-03-10_18-29-30
2026-03-10_18-46-23,---,draw.go:2026-03-10_18-46-23;pen.go:2026-03-10_18-29-30
2026-03-10_18-46-30,---,draw.go:2026-03-10_18-46-30;pen.go:2026-03-10_18-29-30
2026-03-10_18-46-42,---,draw.go:2026-03-10_18-46-42;pen.go:2026-03-10_18-29-30
2026-03-10_18-46-49,---,draw.go:2026-03-10_18-46-49;pen.go:2026-03-10_18-29-30
2026-03-10_18-47-21,---,draw.go:2026-03-10_18-47-21;pen.go:2026-03-10_18-29-30
2026-03-10_18-48-42,---,draw.go:2026-03-10_18-48-42;pen.go:2026-03-10_18-29-30
2026-03-10_18-48-57,---,draw.go:2026-03-10_18-48-57;pen.go:2026-03-10_18-29-30
