2026-04-14_19-44-49,0,draft.go:2026-04-14_19-44-49
2026-04-14_19-46-24,0,draft.go:2026-04-14_19-46-24
2026-04-14_19-46-25,0,draft.go:2026-04-14_19-46-24
2026-04-14_19-46-50,0,draft.go:2026-04-14_19-46-50
2026-04-14_19-46-51,0,draft.go:2026-04-14_19-46-50
2026-04-14_19-47-02,0,draft.go:2026-04-14_19-47-02
2026-04-14_19-47-03,0,draft.go:2026-04-14_19-47-02
2026-04-14_19-47-23,0,draft.go:2026-04-14_19-47-02
2026-04-14_19-47-24,0,draft.go:2026-04-14_19-47-24
2026-04-14_19-47-27,0,draft.go:2026-04-14_19-47-24
2026-04-14_19-47-31,0,draft.go:2026-04-14_19-47-31
2026-04-14_19-47-33,0,draft.go:2026-04-14_19-47-31
2026-04-14_19-47-37,0,draft.go:2026-04-14_19-47-37
2026-04-14_19-48-05,0,draft.go:2026-04-14_19-48-05
2026-04-14_19-48-06,0,draft.go:2026-04-14_19-48-05
2026-04-14_19-48-07,0,draft.go:2026-04-14_19-48-05
2026-04-14_19-48-11,0,draft.go:2026-04-14_19-48-11
2026-04-14_19-48-28,0,draft.go:2026-04-14_19-48-11
2026-04-14_19-48-29,---,draft.go:2026-04-14_19-48-11
2026-04-14_19-48-56,0,draft.go:2026-04-14_19-48-56
2026-04-14_19-49-21,28,draft.go:2026-04-14_19-49-21
2026-04-14_19-52-46,28,draft.go:2026-04-14_19-52-46
