2026-07-05_05-06-37,100,main.go:2026-07-05_05-06-37;stack.go:2026-07-05_05-06-37
2026-07-05_05-06-38,100,main.go:2026-07-05_05-06-37;stack.go:2026-07-05_05-06-37
2026-07-05_05-06-38,100,main.go:2026-07-05_05-06-37;stack.go:2026-07-05_05-06-37
2026-07-05_05-06-38,100,main.go:2026-07-05_05-06-37;stack.go:2026-07-05_05-06-37
2026-07-05_05-06-39,100,main.go:2026-07-05_05-06-37;stack.go:2026-07-05_05-06-37
2026-07-05_05-06-39,100,main.go:2026-07-05_05-06-37;stack.go:2026-07-05_05-06-37
2026-07-05_05-06-56,100,main.go:2026-07-05_05-06-37;stack.go:2026-07-05_05-06-37
2026-07-05_05-07-15,100,main.go:2026-07-05_05-06-37;stack.go:2026-07-05_05-06-37
2026-07-05_05-07-16,100,main.go:2026-07-05_05-06-37;stack.go:2026-07-05_05-06-37
2026-07-05_05-07-16,100,main.go:2026-07-05_05-06-37;stack.go:2026-07-05_05-06-37
2026-07-05_05-07-17,100,main.go:2026-07-05_05-06-37;stack.go:2026-07-05_05-06-37
2026-07-05_05-07-40,100,main.go:2026-07-05_05-06-37;stack.go:2026-07-05_05-06-37
