2026-04-26_21-20-47,0,main.go:2026-04-26_21-20-47
2026-04-26_21-23-36,0,main.go:2026-04-26_21-23-36
2026-04-26_21-24-24,0,main.go:2026-04-26_21-24-24
2026-04-26_21-51-53,0,main.go:2026-04-26_21-51-53
2026-04-26_22-38-07,0,main.go:2026-04-26_22-38-07
2026-04-26_22-39-56,0,main.go:2026-04-26_22-39-56
2026-04-26_22-40-17,0,main.go:2026-04-26_22-40-17
2026-04-26_22-40-20,0,main.go:2026-04-26_22-40-17
2026-04-26_22-42-13,9,main.go:2026-04-26_22-42-13
2026-04-26_22-42-52,9,main.go:2026-04-26_22-42-52
2026-04-26_22-52-14,9,main.go:2026-04-26_22-52-14
2026-04-26_22-54-14,9,main.go:2026-04-26_22-54-14
2026-04-26_22-55-34,9,main.go:2026-04-26_22-54-14
2026-04-26_22-57-35,18,main.go:2026-04-26_22-57-35
2026-04-26_23-04-49,36,main.go:2026-04-26_23-04-49
2026-04-26_23-05-09,36,main.go:2026-04-26_23-04-49
2026-04-26_23-05-49,45,main.go:2026-04-26_23-05-49
2026-04-26_23-06-12,54,main.go:2026-04-26_23-06-12
2026-04-26_23-08-43,54,main.go:2026-04-26_23-08-43
2026-04-26_23-13-30,54,main.go:2026-04-26_23-13-30
2026-04-26_23-14-11,54,main.go:2026-04-26_23-14-11
2026-04-26_23-14-29,54,main.go:2026-04-26_23-14-29
2026-04-26_23-14-34,54,main.go:2026-04-26_23-14-34
2026-04-26_23-14-56,54,main.go:2026-04-26_23-14-56
2026-04-26_23-15-13,54,main.go:2026-04-26_23-15-13
2026-04-26_23-15-19,54,main.go:2026-04-26_23-15-19
2026-04-26_23-17-53,72,main.go:2026-04-26_23-17-53
2026-04-26_23-19-29,72,main.go:2026-04-26_23-19-29
2026-04-26_23-19-53,72,main.go:2026-04-26_23-19-53
2026-04-26_23-21-03,72,main.go:2026-04-26_23-21-03
2026-04-26_23-22-35,72,main.go:2026-04-26_23-22-35
2026-04-26_23-22-42,81,main.go:2026-04-26_23-22-42
2026-04-26_23-23-26,90,main.go:2026-04-26_23-23-26
2026-04-26_23-24-31,90,main.go:2026-04-26_23-23-26
2026-04-26_23-30-27,100,main.go:2026-04-26_23-30-27
2026-04-27_00-05-49,100,main.go:2026-04-26_23-30-27
2026-04-27_02-18-09,100,main.go:2026-04-26_23-30-27
