2026-03-04_20-22-02,0,draft.go:2026-03-04_20-22-02
2026-03-04_20-22-11,0,draft.go:2026-03-04_20-22-02
2026-03-04_20-22-17,0,draft.go:2026-03-04_20-22-17
2026-03-04_20-22-42,0,draft.go:2026-03-04_20-22-17
2026-03-04_20-25-21,0,draft.go:2026-03-04_20-22-17
2026-03-04_20-25-40,0,draft.go:2026-03-04_20-25-40
2026-03-04_20-26-08,0,draft.go:2026-03-04_20-26-08
2026-03-04_20-29-29,66,draft.go:2026-03-04_20-29-29
2026-03-04_20-29-35,66,draft.go:2026-03-04_20-29-29
2026-03-04_20-32-13,66,draft.go:2026-03-04_20-32-13
2026-03-04_20-34-27,66,draft.go:2026-03-04_20-34-27
2026-03-04_20-38-13,0,draft.go:2026-03-04_20-38-13
2026-03-04_20-38-27,0,draft.go:2026-03-04_20-38-27
2026-03-04_20-42-15,33,draft.go:2026-03-04_20-42-15
2026-03-04_20-46-34,66,draft.go:2026-03-04_20-46-34
2026-03-04_20-47-29,66,draft.go:2026-03-04_20-47-29
2026-03-04_20-47-31,66,draft.go:2026-03-04_20-47-29
2026-03-04_20-48-43,100,draft.go:2026-03-04_20-48-43
